{
	"info": {
		"_postman_id": "bb065469-315a-4a55-8436-daf8890aecc9",
		"name": "JPA_Course",
		"schema": "https://schema.getpostman.com/json/collection/v2.1.0/collection.json"
	},
	"item": [
		{
			"name": "Course",
			"request": {
				"method": "POST",
				"header": [],
				"body": {
					"mode": "raw",
					"raw": "{\n    \"name\":\"JPA\"\n}",
					"options": {
						"raw": {
							"language": "json"
						}
					}
				},
				"url": {
					"raw": "localhost:8080/api/course",
					"host": [
						"localhost"
					],
					"port": "8080",
					"path": [
						"api",
						"course"
					]
				}
			},
			"response": []
		},
		{
			"name": "Insert File",
			"request": {
				"method": "POST",
				"header": [],
				"body": {
					"mode": "formdata",
					"formdata": [
						{
							"key": "file",
							"type": "file",
							"src": "/Users/alessandrosallese/corso_21122022/Day 5/ExampleCourse/HELP.md"
						}
					],
					"options": {
						"raw": {
							"language": "json"
						}
					}
				},
				"url": {
					"raw": "localhost:8087/api/upload/202",
					"host": [
						"localhost"
					],
					"port": "8087",
					"path": [
						"api",
						"upload",
						"202"
					]
				}
			},
			"response": []
		},
		{
			"name": "View Course File",
			"protocolProfileBehavior": {
				"disableBodyPruning": true
			},
			"request": {
				"method": "GET",
				"header": [],
				"body": {
					"mode": "raw",
					"raw": "{\n    \"name\":\"JPA\"\n}",
					"options": {
						"raw": {
							"language": "json"
						}
					}
				},
				"url": {
					"raw": "localhost:8087/api/files/202",
					"host": [
						"localhost"
					],
					"port": "8087",
					"path": [
						"api",
						"files",
						"202"
					]
				}
			},
			"response": []
		},
		{
			"name": "Course for User",
			"request": {
				"method": "POST",
				"header": [],
				"body": {
					"mode": "raw",
					"raw": "{\n    \"name\":\"JPA\"\n}",
					"options": {
						"raw": {
							"language": "json"
						}
					}
				},
				"url": {
					"raw": "localhost:8080/api/course",
					"host": [
						"localhost"
					],
					"port": "8080",
					"path": [
						"api",
						"course"
					]
				}
			},
			"response": []
		},
		{
			"name": "Update Name Course",
			"request": {
				"method": "PUT",
				"header": [],
				"body": {
					"mode": "raw",
					"raw": "{\n    \"name\":\"JPA2\"\n}",
					"options": {
						"raw": {
							"language": "json"
						}
					}
				},
				"url": {
					"raw": "localhost:8080/api/course/2",
					"host": [
						"localhost"
					],
					"port": "8080",
					"path": [
						"api",
						"course",
						"2"
					]
				}
			},
			"response": []
		},
		{
			"name": "Update nome Corso 2",
			"request": {
				"method": "PUT",
				"header": [],
				"body": {
					"mode": "raw",
					"raw": "{\n    \"name\":\"JPA2\"\n}",
					"options": {
						"raw": {
							"language": "json"
						}
					}
				},
				"url": {
					"raw": "localhost:8087/api/course/3",
					"host": [
						"localhost"
					],
					"port": "8087",
					"path": [
						"api",
						"course",
						"3"
					]
				}
			},
			"response": []
		},
		{
			"name": "delete",
			"request": {
				"method": "DELETE",
				"header": [],
				"body": {
					"mode": "raw",
					"raw": "",
					"options": {
						"raw": {
							"language": "json"
						}
					}
				},
				"url": {
					"raw": "localhost:8080/api/course/1",
					"host": [
						"localhost"
					],
					"port": "8080",
					"path": [
						"api",
						"course",
						"1"
					]
				}
			},
			"response": []
		},
		{
			"name": "Course List",
			"protocolProfileBehavior": {
				"disableBodyPruning": true
			},
			"request": {
				"method": "GET",
				"header": [],
				"body": {
					"mode": "raw",
					"raw": "{\n    \n        \"name\": \"JAVA\"\n}",
					"options": {
						"raw": {
							"language": "json"
						}
					}
				},
				"url": {
					"raw": "localhost:8087/api/course",
					"host": [
						"localhost"
					],
					"port": "8087",
					"path": [
						"api",
						"course"
					]
				}
			},
			"response": []
		},
		{
			"name": "signup",
			"request": {
				"method": "POST",
				"header": [],
				"body": {
					"mode": "raw",
					"raw": "{\n    \"username\":\"alessandroS\",\n    \"email\":\"alessandroS@ntt.it\",\n    \"password\":\"user\",\n    \"role\":[\"user\",\"\"]\n}",
					"options": {
						"raw": {
							"language": "json"
						}
					}
				},
				"url": {
					"raw": "localhost:8087/api/auth/signup",
					"host": [
						"localhost"
					],
					"port": "8087",
					"path": [
						"api",
						"auth",
						"signup"
					]
				}
			},
			"response": []
		},
		{
			"name": "signup Admin",
			"request": {
				"method": "POST",
				"header": [],
				"body": {
					"mode": "raw",
					"raw": "{\n    \"username\":\"user3\",\n    \"email\":\"user3@ntt.it\",\n    \"password\":\"user\"\n}",
					"options": {
						"raw": {
							"language": "json"
						}
					}
				},
				"url": {
					"raw": "localhost:8087/api/auth/signup/admin",
					"host": [
						"localhost"
					],
					"port": "8087",
					"path": [
						"api",
						"auth",
						"signup",
						"admin"
					]
				}
			},
			"response": []
		},
		{
			"name": "Signin moderator",
			"request": {
				"method": "POST",
				"header": [],
				"body": {
					"mode": "raw",
					"raw": "{\n    \"username\":\"user4\",\n    \"email\":\"user4@ntt.it\",\n    \"password\":\"user\",\n    \"role\":[\"user\",\"mod\"]\n}",
					"options": {
						"raw": {
							"language": "json"
						}
					}
				},
				"url": {
					"raw": "localhost:8080/api/auth/signup/mod",
					"host": [
						"localhost"
					],
					"port": "8080",
					"path": [
						"api",
						"auth",
						"signup",
						"mod"
					]
				}
			},
			"response": []
		},
		{
			"name": "signin",
			"request": {
				"auth": {
					"type": "bearer"
				},
				"method": "POST",
				"header": [],
				"body": {
					"mode": "raw",
					"raw": "{\n    \"username\":\"user2\",\n    \"password\":\"user\"\n}",
					"options": {
						"raw": {
							"language": "json"
						}
					}
				},
				"url": {
					"raw": "localhost:8087/api/auth/signin",
					"host": [
						"localhost"
					],
					"port": "8087",
					"path": [
						"api",
						"auth",
						"signin"
					]
				}
			},
			"response": []
		},
		{
			"name": "logout",
			"request": {
				"method": "POST",
				"header": [],
				"url": {
					"raw": "localhost:8087/api/auth/signout",
					"host": [
						"localhost"
					],
					"port": "8087",
					"path": [
						"api",
						"auth",
						"signout"
					]
				}
			},
			"response": []
		}
	]
}